Model,Accuracy,Precision,Recall,F1-Score
Logistic Regression,0.7777777777777778,0.8125,0.9285714285714286,0.8666666666666667
KNN,0.8055555555555556,0.8181818181818182,0.9642857142857143,0.8852459016393442
Decision Tree,0.7222222222222222,0.8,0.8571428571428571,0.8275862068965517
Random Forest,0.7777777777777778,0.8125,0.9285714285714286,0.8666666666666667
