cluster,count,try_rate
0,54,83.33333333333334
1,22,59.09090909090909
2,12,91.66666666666666
3,30,76.66666666666667
